Unnamed: 0,source,author,title,description,url,urlToImage,publishedAt,content,mood_score
0,"{'id': None, 'name': 'Yahoo Entertainment'}",Jeff Vasishta,"Google Co-Founder Says Employees Should Be In The Office ""At Least"" Every Weekday As Competition In The AI Arms Race Intensifies","Cancel your weekends! That seemed to be the message Google (NASDAQ:GOOG, GOOGL)) co-founder Sergey Brin told employees when urging them to be in the office “...",https://finance.yahoo.com/news/google-co-founder-says-employees-141539761.html,https://media.zenfs.com/en/benzinga_79/ad2ad08e4d8cd37e780a859c5db8740b,2025-03-18T14:15:39Z,"Google Co-Founder Says Employees Should Be In The Office ""At Least"" Every Weekday As Competition In The AI Arms Race Intensifies
Benzinga and Yahoo Finance LLC may earn commission or revenue on some… [+3740 chars]",-0.3
1,"{'id': None, 'name': 'Quartz India'}",William Gavin,Google’s Waymo is sending self-driving cars to Washington D.C.,"Waymo (GOOGL), the self-driving startup backed by Alphabet, is sending its robotaxis to Washington, D.C.Read more...",https://qz.com/google-waymo-washington-dc-robotaxi-launch-1851772127,"https://i.kinja-img.com/image/upload/c_fill,h_675,pg_1,q_80,w_1200/14a3cb244c854ac763eae1b3a206be89.jpg",2025-03-25T13:38:00Z,"In This Story
Waymo (GOOGL+0.79%
), the self-driving startup backed by Alphabet, is sending its robotaxis to Washington, D.C.
The company said it wants to launch its Waymo One ride-hailing service… [+2904 chars]",0.0
2,"{'id': None, 'name': 'Quartz India'}",Britney Nguyen,Google's AI chatbot will use your search history to get more personal,"In its pursuit of turning its artificial intelligence chatbot into a personal assistant, Google (GOOGL) is tapping into what it does best — search.Read more...",https://qz.com/google-ai-chatbot-gemini-search-personal-assistant-app-1851769660,"https://i.kinja-img.com/image/upload/c_fill,h_675,pg_1,q_80,w_1200/7dccf31808289f5ef09d95d4c960184a.png",2025-03-13T16:00:00Z,"In This Story
In its pursuit of turning its artificial intelligence chatbot into a personal assistant, Google (GOOGL-2.11%
) is tapping into what it does best search.
The tech giant announced on T… [+2283 chars]",0.25
3,"{'id': None, 'name': 'Quartz India'}",Ece Yildirim,Google's biggest buy ever,Google (GOOGL) on Tuesday announced that it has signed a definitive agreement to acquire Israeli cybersecurity startup Wiz for $32 billion in an all-cash transaction.Read more...,https://qz.com/google-acquiring-wiz-israeli-cybersecurity-32-billion-1851770712,"https://i.kinja-img.com/image/upload/c_fill,h_675,pg_1,q_80,w_1200/2ecc2818880ec96f69b148c4dad8b69f.jpg",2025-03-18T15:22:00Z,"In This Story
Google (GOOGL-3.45%
) on Tuesday announced that it has signed a definitive agreement to acquire Israeli cybersecurity startup Wiz for $32 billion in an all-cash transaction.
If it cl… [+2791 chars]",0.0
4,"{'id': None, 'name': 'Quartz India'}",Ece Yildirim,Google's new AI updates will scan your screenshots and give you itineraries,"Google (GOOGL) is making travel planning a whole lot easier for users, with artificial intelligence makeovers to its Search and Maps functions released ThursdayRead more...",https://qz.com/google-ai-maps-search-travel-photo-scans-itineraries-1851772822,"https://i.kinja-img.com/image/upload/c_fill,h_675,pg_1,q_80,w_1200/b68d8dac6c70176225be1f88fedc1178.jpg",2025-03-27T19:31:00Z,"In This Story
Google (GOOGL-1.38%
) is making travel planning a whole lot easier for users, with artificial intelligence makeovers to its Search and Maps functions released Thursday
Chances are, y… [+1670 chars]",0.13636363636363635
5,"{'id': None, 'name': 'Quartz India'}",Ece Yildirim,Google and Apple found in violation of EU law,"Google (GOOGL) and Apple (AAPL) on Wednesday were found in violation of the European Union’s landmark antitrust law, the European Commission, the EU’s executive body, said in two press releases on Wednesday.Read more...",https://qz.com/google-apple-violation-of-eu-law-1851771086,"https://i.kinja-img.com/image/upload/c_fill,h_675,pg_1,q_80,w_1200/d743bbe864661030cf61879c5c471995.jpg",2025-03-19T20:25:00Z,"In This Story
Google (GOOGL+2.90%
) and Apple (AAPL+1.26%
) on Wednesday were found in violation of the European Unions landmark antitrust law, the European Commission, the EUs executive body, sai… [+3758 chars]",0.0
6,"{'id': None, 'name': 'Quartz India'}",Bruce Gil,"YouTube could soon make more money than Disney, Wall Street analyst says","YouTube (GOOGL) surpassed both Disney (DIS) and Netflix (NFLX) in share of total TV viewership time last month — and it could overtake Disney in revenue as well this year, according to a Wall Street analyst.Read more...",https://qz.com/youtube-passing-disney-revenue-analyst-note-1851773693,"https://i.kinja-img.com/image/upload/c_fill,h_675,pg_1,q_80,w_1200/f30981ea2b26292a4dfacbab281e17b2.jpg",2025-03-31T21:09:00Z,"In This Story
YouTube (GOOGL+0.28%
) surpassed both Disney (DIS+0.55%
) and Netflix (NFLX-0.31%
) in share of total TV viewership time last month and it could overtake Disney in revenue as well t… [+1832 chars]",0.5
7,"{'id': None, 'name': 'Quartz India'}",Britney Nguyen,Google's race from behind against OpenAI has 'been like sprinting a marathon',"After OpenAI took the world by storm with the launch of ChatGPT, Google (GOOGL) reportedly gave its team working on artificial intelligence 100 days to build a competitor — fearful of falling behind in a race it had been leading.Read more...",https://qz.com/openai-chatgpt-google-gemini-ai-models-chatbot-1851771624,"https://i.kinja-img.com/image/upload/c_fill,h_675,pg_1,q_80,w_1200/cf75cb6b08b95330f5abb08bb7c428b3.jpg",2025-03-21T18:16:00Z,"In This Story
After OpenAI took the world by storm with the launch of ChatGPT, Google (GOOGL+0.21%
) reportedly gave its team working on artificial intelligence 100 days to build a competitor fearf… [+2791 chars]",-0.4
8,"{'id': None, 'name': 'Quartz India'}",Bruce Gil,"Netflix, YouTube, Disney and more: The 8 most-watched platforms in February","Despite boasting the largest global user base — 300 million subscribers — Netflix (NFLX) ranked only fourth among U.S. media distributors in February, according to a new report from Nielsen. YouTube (GOOGL), along with platforms owned by Disney (DIS) and Fox …",https://qz.com/netflix-youtube-fox-disney-nielsen-ratings-streaming-1851772220,"https://i.kinja-img.com/image/upload/c_fill,h_675,pg_1,q_80,w_1200/7642a6705c5ff4997243dec650b3ccb3.jpg",2025-03-25T16:13:06Z,"Despite boasting the largest global user base 300 million subscribers Netflix (NFLX) ranked only fourth among U.S. media distributors in February, according to a new report from Nielsen. YouTube (GOO… [+1153 chars]",0.5
9,"{'id': None, 'name': 'Yahoo Entertainment'}",Nilanshi Mukherjee,D-WAVE QUANTUM Stock Rises 62% Post Q4 Results: To Buy or Not to Buy?,QBTS stock benefits from an expanding clientele and its growing influence in the quantum computing space despite stiff competition.,https://finance.yahoo.com/news/d-wave-quantum-stock-rises-175400014.html,https://media.zenfs.com/en/zacks.com/cd9ed8cf63fa5a7bc41c5e977c67cccb,2025-03-18T17:54:00Z,"D-WAVE QUANTUM QBTS shares have surged 62% since the company reported fourth-quarter 2024 results on March 13. The outperformance can be attributed to strong growth in bookings, which surged 502% on … [+5660 chars]",0.0
10,"{'id': None, 'name': 'Quartz India'}",Quartz Intelligence Newsroom,"Nvidia's bad day, Microsoft's AI plans, Amazon's TikTok play, and Intel's future: Tech news roundup",Nvidia (NVDA) fell with other Magnificent 7 stocks on Thursday as the market reacted to new tariffs — but the company also may’ve slipped because a major bank downgraded it for unrelated reasons. Read more...,https://qz.com/nvidia-stock-microsoft-ai-amazon-tiktok-intel-openai-1851774817,"https://i.kinja-img.com/image/upload/c_fill,h_675,pg_1,q_80,w_1200/b70f1a4dc82564765184061db25958a9.jpg",2025-04-05T13:00:00Z,"The markets highest-performing tech stocks, the Magnificent 7, mostly slid on Monday amid worries over President Donald Trumps tariffs.
Tesla (TSLA) was down 4.8% at 11:30 a.m., while Nvidia (NVDA) … [+209 chars]",-0.3499999999999999
11,"{'id': None, 'name': 'Yahoo Entertainment'}",Paula Tudoran,Dad With 'Mini Portfolio' And $1M Investment Plan Wants Son 'Living Off Of Dividend Income Comfortably' – Reddit Debates Best Stocks To Buy,"Every parent wants to give their child a head start in life, especially if they grew up without financial security themselves. The desire to break such a...",https://finance.yahoo.com/news/dad-mini-portfolio-1m-investment-123020359.html,https://s.yimg.com/cv/apiv2/social/images/yahoo_default_logo-1200x1200.png,2025-03-28T12:30:20Z,"Every parent wants to give their child a head start in life, especially if they grew up without financial security themselves.
The desire to break such a generational curse is powerful, but so is th… [+4706 chars]",0.5333333333333333
12,"{'id': None, 'name': 'Markezine.jp'}",,セプテーニ、YouTubeの認知広告効果を可視化する分析ソリューションの提供を開始,セプテーニは、YouTubeにおける認知広告の効果検証を行う分析ソリューション「Pure Lift Vision」の提供を開始した。   同サービスは、Googleが提供するデータ分析環境「Googl...,https://markezine.jp/article/detail/48910,https://markezine.jp/static/images/article/48910/48910_fb.png,2025-04-11T01:00:00Z,"YouTubePure Lift Vision
GoogleGoogle Ads DatahubADHGoogleYouTube
50CVGoogle Ads DatahubADH
Septeni GlobalTikTokJNJWeb3SaaS",0.0
13,"{'id': None, 'name': 'Biztoc.com'}",finance.yahoo.com,Jim Cramer Finally Sells Alphabet (GOOGL): ‘We Don’t Google Anymore – It’s the New Kodak’,"In This Article:
We recently published a list of Jim Cramer Raises Big Question About Tariffs & Discusses These 11 Stocks. In this article, we are going to take a look at where Alphabet Inc. (NASDAQ:GOOGL) stands against other stocks that Jim Cramer discusses…",https://biztoc.com/x/4363b9537028c4fb,https://biztoc.com/cdn/4363b9537028c4fb_s.webp,2025-04-05T17:56:47Z,"In This Article:We recently published a list of Jim Cramer Raises Big Question About Tariffs &amp; Discusses These 11 Stocks. In this article, we are going to take a look at where Alphabet Inc. (NASD… [+152 chars]",0.06818181818181818
14,"{'id': None, 'name': 'Yahoo Entertainment'}",TipRanks,"Google introduces 7th Gen TPU Ironwood, Gemini 2.5 Flash coming soon","During the company’s Cloud Next conference, CEO of Google and Alphabet (GOOG) (GOOGL) Sundar Pichai highlighted the importance of AI and said that in 2025...",https://finance.yahoo.com/news/google-introduces-7th-gen-tpu-161530429.html,https://media.zenfs.com/en/tipranks_452/d524a3ac9891a5b3f09a1e06f897f8d9,2025-04-10T16:15:30Z,"During the companys Cloud Next conference, CEO of Google and Alphabet (GOOG) (GOOGL) Sundar Pichai highlighted the importance of AI and said that in 2025, Google plans to invest $75B in total capex. … [+501 chars]",0.0
15,"{'id': None, 'name': 'Yahoo Entertainment'}",,Jim Cramer on Alphabet Inc. (GOOGL): “There’s No Good News”,,https://consent.yahoo.com/v2/collectConsent?sessionId=1_cc-session_3e61d848-eb6a-46a9-9598-743e27b56085,,2025-04-03T20:27:01Z,"If you click 'Accept all', we and our partners, including 239 who are part of the IAB Transparency &amp; Consent Framework, will also store and/or access information on a device (in other words, use … [+702 chars]",-0.35
16,"{'id': None, 'name': 'Yahoo Entertainment'}",Ahad Tariq,Is Alphabet Inc. (GOOGL) the Best Beginner Stock?,"We recently published a list of Starter Stock Portfolio 12 Safe Stocks to Buy. In this article, we are going to take a look at where Alphabet Inc...",https://finance.yahoo.com/news/alphabet-inc-googl-best-beginner-204411829.html,https://s.yimg.com/ny/api/res/1.2/DAytqpJ37WPkT1O3cj4krg--/YXBwaWQ9aGlnaGxhbmRlcjt3PTEyMDA7aD02NzM-/https://media.zenfs.com/en/insidermonkey.com/ddded06c9301164bc21c334085fab02f,2025-04-06T20:44:11Z,"We recently published a list of Starter Stock Portfolio 12 Safe Stocks to Buy. In this article, we are going to take a look at where Alphabet Inc. (NASDAQ:GOOGL) stands against other best beginner st… [+5980 chars]",1.0
17,"{'id': None, 'name': 'Yahoo Entertainment'}",Ghazal Ahmed,"Alphabet (GOOGL) Supercharges Search – See, Ask, Learn with AI Mode","We recently published a list of 10 AI Stocks Investors Are Watching Today. In this article, we are going to take a look at where Alphabet Inc. (NASDAQ:GOOGL)...",https://finance.yahoo.com/news/alphabet-googl-supercharges-search-see-121036117.html,https://s.yimg.com/ny/api/res/1.2/DAytqpJ37WPkT1O3cj4krg--/YXBwaWQ9aGlnaGxhbmRlcjt3PTEyMDA7aD02NzM-/https://media.zenfs.com/en/insidermonkey.com/ddded06c9301164bc21c334085fab02f,2025-04-10T12:10:36Z,"We recently published a list of 10 AI Stocks Investors Are Watching Today. In this article, we are going to take a look at where Alphabet Inc. (NASDAQ:GOOGL) stands against other AI stocks investors … [+4116 chars]",0.0
18,"{'id': None, 'name': 'Quartz India'}",Ece Yildirim,Apple is turning its AirPods into the Babel fish from Hitchhiker's Guide to the Galaxy,"Apple (AAPL) is designing a new AirPods feature that would allow users to listen and respond to live translations of in-person conversations, according to a Bloomberg report that cites unnamed sources.Read more...",https://qz.com/apple-airpods-translate-ios-19-1851770018,"https://i.kinja-img.com/image/upload/c_fill,h_675,pg_1,q_80,w_1200/7f94e82c3919778df0736e0304655c5c.jpg",2025-03-14T16:21:00Z,"In This Story
Apple (AAPL+1.44%
) is designing a new AirPods feature that would allow users to listen and respond to live translations of in-person conversations, according to a Bloomberg report th… [+1077 chars]",0.0
19,"{'id': None, 'name': 'Biztoc.com'}",finance.yahoo.com,Google Cloud vs. Amazon’s AWS: The Cloud Face-Off You Can’t Ignore,"In This Article:
As businesses continue with digital transformation, the battle for cloud dominance is heating up. Amazon’s (AMZN) AWS and Alphabet’s (GOOGL) Google Cloud are among the biggest players in the game. While AWS remains the market leader with its …",https://biztoc.com/x/c1d50de898f17824,https://biztoc.com/cdn/c1d50de898f17824_s.webp,2025-04-10T13:01:41Z,"In This Article:As businesses continue with digital transformation, the battle for cloud dominance is heating up. Amazons (AMZN) AWS and Alphabets (GOOGL) Google Cloud are among the biggest players i… [+147 chars]",0.0
20,"{'id': None, 'name': 'Yahoo Entertainment'}",,Is Alphabet Inc. (GOOGL) the Best Very Cheap Stock to Buy According to Billionaires?,,https://consent.yahoo.com/v2/collectConsent?sessionId=1_cc-session_92d18e39-ef2b-42ce-896b-8a6a132282b3,,2025-03-31T13:44:08Z,"If you click 'Accept all', we and our partners, including 238 who are part of the IAB Transparency &amp; Consent Framework, will also store and/or access information on a device (in other words, use … [+702 chars]",0.76
21,"{'id': None, 'name': 'Yahoo Entertainment'}",,Alphabet (GOOGL) to Spotlight AI and Cloud Strategy at Upcoming Google Cloud Next Event,,https://consent.yahoo.com/v2/collectConsent?sessionId=1_cc-session_d09679ca-b9e2-4f2b-b21e-342de49e9c2c,,2025-04-09T16:22:11Z,"If you click 'Accept all', we and our partners, including 239 who are part of the IAB Transparency &amp; Consent Framework, will also store and/or access information on a device (in other words, use … [+702 chars]",0.0
22,"{'id': None, 'name': 'Quartz India'}",Britney Nguyen,Magnificent 7 stocks slide amid Trump tariff worries,The market’s highest-performing tech stocks all slid on Monday morning amid worries over President Donald Trump’s tariffs.Read more...,https://qz.com/magnificent-7-stocks-slide-trump-tariffs-tesla-nvidia-1851773474,"https://i.kinja-img.com/image/upload/c_fill,h_675,pg_1,q_80,w_1200/efacb4a5970e697594890c933c515543.jpg",2025-03-31T14:23:00Z,"In This Story
The markets highest-performing tech stocks all slid on Monday morning amid worries over President Donald Trumps tariffs.
Tesla (TSLA-6.26%
) was down by more than 6.4% at the market … [+1843 chars]",1.0
23,"{'id': None, 'name': 'Quartz India'}",Ece Yildirim,Nvidia's latest innovation started as an April Fools' joke 8 years ago,"On Tuesday, Nvidia unveiled its Project G-Assist, an AI assistant for gamers and gaming content creators",https://qz.com/nvidias-latest-innovation-started-as-an-april-fools-jok-1851772221,"https://i.kinja-img.com/image/upload/c_fill,h_675,pg_1,q_80,w_1200/82fd54ad133a30203eecd934d6a072f9.jpg",2025-03-25T16:15:49Z,"In This Story
Its an April Fools Day miracle.
On Tuesday, Nvidia (NVDA-0.70%
) unveiled its experimental version of Project G-Assist, an AI assistant for gamers and gaming content creators that th… [+1519 chars]",0.5
24,"{'id': None, 'name': 'Quartz India'}",Kevin Williams,OpenAI is close to breaking records by raising a whopping $40 billion at a $300 billion valuation,OpenAi's valuation is larger than the GDP of some countries,https://qz.com/openai-to-receive-fresh-funding-1851772661,"https://i.kinja-img.com/image/upload/c_fill,h_675,pg_1,q_80,w_1200/dd2b9fa005c34497dca314b10c5df513.jpg",2025-03-27T12:25:00Z,"In This Story
Bloomberg reports that OpenAI is on the verge of completing a $40 billion funding injection. To put the funding in perspective, Nicaraguas annual GPD is approximately $17 billion, whil… [+1480 chars]",0.0
25,"{'id': None, 'name': 'Quartz India'}",Harri Weber,"Tesla, Microsoft, and Meta follow Nvidia in Magnificent 7 stock rally","The trade-war selloff took a breather on Tuesday, buoying Big Tech firms including Nvidia (NVDA), Tesla (TSLA), Meta (META), and Microsoft (MSFT), after a mixed day on Monday and two especially gnarly days last week wiped $1.8 trillion off the market value of…",https://qz.com/tesla-microsoft-meta-nvidia-big-tech-rally-tariffs-1851775247,"https://i.kinja-img.com/image/upload/c_fill,h_675,pg_1,q_80,w_1200/2382c044e58444ac7c7e3483e90446e7.jpg",2025-04-08T15:59:00Z,"In This Story
The trade-war selloff took a breather on Tuesday, buoying Big Tech firms including Nvidia (NVDA+4.58%
), Tesla (TSLA+3.67%
), Meta (META+2.45%
), and Microsoft (MSFT+2.39%
), after… [+1393 chars]",1.0
26,"{'id': None, 'name': 'Yahoo Entertainment'}",,Is Alphabet Inc. (GOOGL) the Top Tech Stock to Buy According to Billionaire Ken Fisher?,,https://consent.yahoo.com/v2/collectConsent?sessionId=1_cc-session_f984ac6f-755c-4565-81e3-2fe0a57596a9,,2025-04-11T13:48:30Z,"If you click 'Accept all', we and our partners, including 239 who are part of the IAB Transparency &amp; Consent Framework, will also store and/or access information on a device (in other words, use … [+702 chars]",0.5
27,"{'id': None, 'name': 'Yahoo Entertainment'}",,Is Alphabet Inc. (GOOGL) Among the Best Geothermal Stocks to Buy According to Hedge Funds?,,https://consent.yahoo.com/v2/collectConsent?sessionId=1_cc-session_5dfe3a32-d851-4cb1-863b-ce3e31106de6,,2025-04-11T18:14:35Z,"If you click 'Accept all', we and our partners, including 239 who are part of the IAB Transparency &amp; Consent Framework, will also store and/or access information on a device (in other words, use … [+702 chars]",1.0
28,"{'id': None, 'name': 'Yahoo Entertainment'}",Maxim G.,Is Alphabet Inc. (GOOGL) the Best Innovative Stock to Buy According to Analysts?,"We recently published a list of 11 Best Innovative Stocks to Buy According to Analysts. In this article, we are going to take a look at where Alphabet Inc. (...",https://finance.yahoo.com/news/alphabet-inc-googl-best-innovative-221637473.html,https://s.yimg.com/ny/api/res/1.2/DAytqpJ37WPkT1O3cj4krg--/YXBwaWQ9aGlnaGxhbmRlcjt3PTEyMDA7aD02NzM-/https://media.zenfs.com/en/insidermonkey.com/ddded06c9301164bc21c334085fab02f,2025-04-04T22:16:37Z,"We recently published a list of 11 Best Innovative Stocks to Buy According to Analysts. In this article, we are going to take a look at where Alphabet Inc. (NASDAQ:GOOGL) stands against other best in… [+7679 chars]",0.75
29,"{'id': None, 'name': 'Yahoo Entertainment'}",,Jim Cramer on Alphabet (GOOGL): “I’ve Left Google—And I’m Not Looking Back!”,,https://consent.yahoo.com/v2/collectConsent?sessionId=1_cc-session_bf06692c-bb4e-4ba3-9f96-96c5403ff4f6,,2025-04-04T22:10:47Z,"If you click 'Accept all', we and our partners, including 239 who are part of the IAB Transparency &amp; Consent Framework, will also store and/or access information on a device (in other words, use … [+702 chars]",0.0
30,"{'id': None, 'name': 'Yahoo Entertainment'}",,Is Alphabet Inc. (GOOGL) the Best Big Data Stock to Buy According to Analysts?,,https://consent.yahoo.com/v2/collectConsent?sessionId=1_cc-session_4c52e912-43c4-4042-b30c-83dee9e68ad5,,2025-04-08T18:35:07Z,"If you click 'Accept all', we and our partners, including 239 who are part of the IAB Transparency &amp; Consent Framework, will also store and/or access information on a device (in other words, use … [+702 chars]",0.5
31,"{'id': None, 'name': 'Quartz India'}",Josh Fellman,"The Magnificent 7 stocks slide again and the Dow drops 1,100 points as China retaliates in trade war","The Magnificent 7 stocks all dropped as the S&P 500, the Nasdaq Composite, and the Dow Jones Industrial Average opened lower after China retaliated against new U.S. tariffs. Shares narrowed pre-market declines after March employment numbers came in better tha…",https://qz.com/mag7-stocks-fall-trade-war-tesla-nvidia-jobs-1851774739,"https://i.kinja-img.com/image/upload/c_fill,h_675,pg_1,q_80,w_1200/9a1c1dd9c06ffebcc46e0ce8ef1223ae.jpg",2025-04-04T14:15:00Z,"In This Story
The Magnificent 7 stocks all dropped as the S&amp;P 500, the Nasdaq Composite, and the Dow Jones Industrial Average opened lower after China retaliated against new U.S. tariffs. Shares… [+2339 chars]",1.0
32,"{'id': None, 'name': 'Quartz India'}",Britney Nguyen,"Google, Meta, and Amazon want a big boost in nuclear energy","After a slate of nuclear energy deals late last year, Big Tech is throwing more support behind efforts to boost nuclear capacity around the world.Read more...",https://qz.com/google-meta-amazon-nuclear-energy-pledge-ai-data-center-1851769359,"https://i.kinja-img.com/image/upload/c_fill,h_675,pg_1,q_80,w_1200/6f8b9e06c06dd81329c0dab8daf2b7fc.jpg",2025-03-12T13:54:00Z,"In This Story
After a slate of nuclear energy deals late last year, Big Tech is throwing more support behind efforts to boost nuclear capacity around the world.
Google (GOOGL+0.78%
), Meta (META+1… [+2409 chars]",0.0
33,"{'id': None, 'name': 'Quartz India'}",Josh Fellman,"Nvidia, Google, Tesla, BYD, Tencent Music, Xpeng: Stocks to watch today","Stock futures edged down ahead of a slew of economic numbers set for release later Tuesday morning. Futures tied to the S&P 500, the Nasdaq 100 and the Dow Jones Industrial Average pointed to a slightly lower open.Read more...",https://qz.com/nvidia-google-byd-tesla-xpeng-tencent-stocks-markets-1851770529,"https://i.kinja-img.com/image/upload/c_fill,h_675,pg_1,q_80,w_1200/46531f0a1386875e3ca635c3c28911ea.jpg",2025-03-18T12:18:00Z,"In This Story
Stock futures edged down ahead of a slew of economic numbers set for release later Tuesday morning. Futures tied to the S&amp;P 500, the Nasdaq 100 and the Dow Jones Industrial Average… [+2179 chars]",0.0
34,"{'id': None, 'name': 'Quartz India'}",Britney Nguyen,Amazon wants its new AI agent to do stuff on the web for you,Amazon (AMZN) introduced a new artificial intelligence model on Monday that can do basic things on a user’s behalf inside a web browser.Read more...,https://qz.com/amazon-ai-agent-nova-act-perform-tasks-aws-1851773549,"https://i.kinja-img.com/image/upload/c_fill,h_675,pg_1,q_80,w_1200/11c3d788fe96119418e8951370f24734.jpg",2025-03-31T18:02:00Z,"In This Story
Amazon (AMZN-2.21%
) introduced a new artificial intelligence model on Monday that can do basic things on a users behalf inside a web browser.
In a demo video, Amazon showed Nova Act… [+1887 chars]",0.16818181818181818
35,"{'id': None, 'name': 'Quartz India'}",Britney Nguyen,The Trump administration is being asked to relax some AI chip rules,"As the U.S. prepares to roll out rules that will affect global artificial intelligence development, foreign government officials and tech company leaders are asking the Trump administration to relax some rules around chips, according to Bloomberg.Read more...",https://qz.com/trump-administration-ai-diffusion-rules-chips-nvidia-1851772199,"https://i.kinja-img.com/image/upload/c_fill,h_675,pg_1,q_80,w_1200/1e41f45b98381b4af098ff8704eadb72.jpg",2025-03-25T17:20:00Z,"In This Story
As the U.S. prepares to roll out rules that will affect global artificial intelligence development, foreign government officials and tech company leaders are asking the Trump administr… [+2263 chars]",0.0
36,"{'id': None, 'name': 'Quartz India'}",Josh Fellman,"Tesla, Nvidia lose ground as markets take a tumble on bad economic news","Tesla’s (TSLA) status as the “winner” of President Donald Trump’s new auto tariffs didn’t protect it from a tech-led market selloff on Friday, as the stock followed Nvidia (NVDA) and the rest of the Magnificent 7 lower after new economic numbers pointed towar…",https://qz.com/shares-plunge-tesla-nvidia-gm-apple-amazon-lululemon-1851773125,"https://i.kinja-img.com/image/upload/c_fill,h_675,pg_1,q_80,w_1200/9adcdfe1ac3b4e2ed205b40e55638d7c.jpg",2025-03-28T18:14:00Z,"In This Story
Teslas (TSLA-3.48%
) status as the winner of President Donald Trumps new auto tariffs didnt protect it from a tech-led market selloff on Friday, as the stock followed Nvidia (NVDA-1.4… [+2453 chars]",-0.24999999999999992
37,"{'id': None, 'name': 'Quartz India'}",Josh Fellman,"Tesla, Newsmax, Big Tech: Stocks to watch today","Stocks fell premarket on “Liberation Day,” when President Donald Trump is set to unveil new tariffs on virtually all countries with which the U.S. has a trading relationship. Futures linked to the S&P 500, Nasdaq 100 and the Dow Jones Industrial Average all p…",https://qz.com/stock-watch-tesla-newsmax-nvidia-palantir-meta-amazon-1851774140,"https://i.kinja-img.com/image/upload/c_fill,h_675,pg_1,q_80,w_1200/945dcd478d33e3a00615ef2a4ec7a2a3.jpg",2025-04-02T11:56:00Z,"In This Story
Stocks fell premarket on Liberation Day, when President Donald Trump is set to unveil new tariffs on virtually all countries with which the U.S. has a trading relationship. Futures lin… [+1998 chars]",0.0
38,"{'id': None, 'name': 'Quartz India'}",Britney Nguyen,A coal plant in Pennsylvania was imploded to build an AI data center,Pennsylvania’s former largest coal plant was imploded to make space to build a data center campus.Read more...,https://qz.com/coal-plant-pennsylvania-imploded-ai-data-center-power-1851774195,"https://i.kinja-img.com/image/upload/c_fill,h_675,pg_1,q_80,w_1200/ca4021e873a605d532d93bc098386d84.jpg",2025-04-02T12:33:00Z,"In This Story
Pennsylvanias former largest coal plant was imploded to make space to build a data center campus.
The former Homer City Generating Station will be turned into a gas-powered data cente… [+1959 chars]",-0.1
39,"{'id': None, 'name': 'Quartz India'}",Britney Nguyen,Alibaba's chairman thinks there's an AI data center bubble,The race to build out data centers for artificial intelligence is worrying one billionaire.Read more...,https://qz.com/alibaba-joe-tsai-ai-data-center-bubble-stargate-trump-1851772157,"https://i.kinja-img.com/image/upload/c_fill,h_675,pg_1,q_80,w_1200/ed94826bed7151539fd9679104044f53.jpg",2025-03-25T14:55:00Z,"In This Story
The race to build out data centers for artificial intelligence is worrying one billionaire.
Alibaba (BABA-0.16%
) chairman Joe Tsai said that AI data center construction may overtake… [+2569 chars]",-0.1
40,"{'id': None, 'name': 'Quartz India'}",Josh Fellman,Dow jumps 598 points as Trump eases off on tariff plans,"Stocks surged on Monday as Donald Trump said he may scale back tariffs set to be unveiled on April. 2. The Nasdaq Composite index gained 2.3%, as all Magnificent 7 stocks surged, the S&P 500 gained 1.8%, and the Dow Jones industrial average gained 1.4%, or al…",https://qz.com/stocks-surge-trump-tariffs-trade-war-byd-tesla-1851772012,"https://i.kinja-img.com/image/upload/c_fill,h_675,pg_1,q_80,w_1200/ff66eef45fc784565eddfd285e55ba85.jpg",2025-03-24T21:00:00Z,"In This Story
Stocks surged on Monday as Donald Trump said he may scale back tariffs set to be unveiled on April. 2. The Nasdaq Composite index gained 2.3%, as all Magnificent 7 stocks surged, the S… [+2205 chars]",0.0
41,"{'id': None, 'name': 'Quartz India'}",Britney Nguyen,Magnificent 7 stocks rise as Trump may narrow on tariffs,Magnificent 7 stocks rose during Monday morning trading after reports that the Trump administration is considering excluding some tariffs that are set to go into place on April 2.Read more...,https://qz.com/magnificent-seven-stocks-rise-trump-reciprocal-tariffs-1851771876,"https://i.kinja-img.com/image/upload/c_fill,h_675,pg_1,q_80,w_1200/1e41f45b98381b4af098ff8704eadb72.jpg",2025-03-24T13:57:00Z,"In This Story
Magnificent 7 stocks rose during Monday morning trading after reports that the Trump administration is considering excluding some tariffs that are set to go into place on April 2.
Mic… [+1916 chars]",0.4
42,"{'id': None, 'name': 'Quartz India'}",Kevin Williams,Lyft is racing to put you in a robotaxi this summer,"If you are one of those passengers who love to chat with their Lyft (LYFT) driver, you might find yourself lonely on a future Lyft ride. The ride-hailing company announced today that autonomous vehicles may soon join its fleet. Earlier this year, AVs weren’t …",https://qz.com/lyft-robotaxi-av-summer-2025-1851771387,"https://i.kinja-img.com/image/upload/c_fill,h_675,pg_1,q_80,w_1200/c0ec07335786f27d1cc699378da2b971.jpg",2025-03-20T21:20:00Z,"In This Story
If you are one of those passengers who love to chat with their Lyft (LYFT+0.64%
) driver, you might find yourself lonely on a future Lyft ride. The ride-hailing company announced toda… [+1905 chars]",0.0
43,"{'id': None, 'name': 'Yahoo Entertainment'}",,Alphabet (GOOGL) Reaffirmed as ‘Outperform’ as Google AI Strengthens Search Dominance,,https://consent.yahoo.com/v2/collectConsent?sessionId=1_cc-session_b836be4c-6194-4058-b6d7-b12c9dd6df58,,2025-03-15T20:28:06Z,"If you click 'Accept all', we and our partners, including 238 who are part of the IAB Transparency &amp; Consent Framework, will also store and/or access information on a device (in other words, use … [+702 chars]",0.0
44,"{'id': None, 'name': 'Yahoo Entertainment'}",,Alphabet (GOOGL) Makes $32B AI-Powered Cybersecurity Bet with Wiz Acquisition,,https://consent.yahoo.com/v2/collectConsent?sessionId=1_cc-session_ee971d4b-7b3a-40c0-99f2-04f3b4bea2fe,,2025-03-22T16:30:35Z,"If you click 'Accept all', we and our partners, including 239 who are part of the IAB Transparency &amp; Consent Framework, will also store and/or access information on a device (in other words, use … [+702 chars]",0.0
45,"{'id': None, 'name': 'Yahoo Entertainment'}",Ramish Cheema,Jim Cramer on Alphabet (GOOGL): Waymo’s Nowhere as Good as Tesla!,"We recently published a list of Jim Cramer Says I’m With Trump & Discusses These 12 Stocks. In this article, we are going to take a look at where Alphabet...",https://finance.yahoo.com/news/jim-cramer-alphabet-googl-waymo-182645084.html,https://s.yimg.com/ny/api/res/1.2/LNoSopyHpRrWQTvxZ82U_g--/YXBwaWQ9aGlnaGxhbmRlcjt3PTEyMDA7aD04MDA-/https://media.zenfs.com/en/insidermonkey.com/a0bec472d842a18f443b00515f54833a,2025-04-01T18:26:45Z,"We recently published a list of Jim Cramer Says Im With Trump &amp; Discusses These 12 Stocks. In this article, we are going to take a look at where Alphabet Inc. (NASDAQ:GOOGL) stands against other … [+3812 chars]",0.875
46,"{'id': None, 'name': 'Yahoo Entertainment'}",,Is Alphabet Inc. (GOOGL) the Most Profitable Large Cap Stock to Buy Now?,,https://consent.yahoo.com/v2/collectConsent?sessionId=1_cc-session_182ef1e7-9dcb-418c-8d6f-2427154fa86f,,2025-03-13T23:54:18Z,"If you click 'Accept all', we and our partners, including 238 who are part of the IAB Transparency &amp; Consent Framework, will also store and/or access information on a device (in other words, use … [+702 chars]",0.35714285714285715
47,"{'id': None, 'name': 'Yahoo Entertainment'}",,Jim Cramer: “I Think Alphabet (GOOGL) Misses – Google Search Isn’t as Effective Anymore!”,,https://consent.yahoo.com/v2/collectConsent?sessionId=1_cc-session_b698d3f4-f1e8-491d-a26e-e7c80e1a7f8c,,2025-03-16T20:03:38Z,"If you click 'Accept all', we and our partners, including 238 who are part of the IAB Transparency &amp; Consent Framework, will also store and/or access information on a device (in other words, use … [+702 chars]",0.75
48,"{'id': None, 'name': 'Yahoo Entertainment'}",Ghazal Ahmed,"Alphabet Inc. (GOOGL) Boosts Gmail With AI-Driven Search—Faster, Smarter Results Coming to All Users","We recently published a list of the 10 AI Stocks Catching Wall Street’s Attention. In this article, we are going to take a look at where Alphabet Inc...",https://finance.yahoo.com/news/alphabet-inc-googl-boosts-gmail-145425126.html,https://s.yimg.com/ny/api/res/1.2/8Cilqh7UkDx18FbL4jWitw--/YXBwaWQ9aGlnaGxhbmRlcjt3PTEyMDA7aD04MDA-/https://media.zenfs.com/en/insidermonkey.com/4a0209d39fec304a0e32b117a42b3758,2025-03-27T14:54:25Z,"We recently published a list of the 10 AI Stocks Catching Wall Streets Attention. In this article, we are going to take a look at where Alphabet Inc. (NASDAQ:GOOG) stands against other AI stocks that… [+4240 chars]",0.0
49,"{'id': None, 'name': 'Yahoo Entertainment'}",,Is Alphabet Inc. (GOOGL) the Top Stock to Buy According to Marshall Wace LLP?,,https://consent.yahoo.com/v2/collectConsent?sessionId=1_cc-session_e0c2cf60-5c2f-44d3-8932-d4811e09dc0d,,2025-03-18T22:20:05Z,"If you click 'Accept all', we and our partners, including 238 who are part of the IAB Transparency &amp; Consent Framework, will also store and/or access information on a device (in other words, use … [+702 chars]",0.5
50,"{'id': None, 'name': 'Yahoo Entertainment'}",,Alphabet Inc. (GOOGL)’s AI Powers Lockheed Martin’s National Security Innovations,,https://consent.yahoo.com/v2/collectConsent?sessionId=1_cc-session_325575a0-4822-4a2a-9eec-f0fb5ef84859,,2025-03-30T16:23:15Z,"If you click 'Accept all', we and our partners, including 238 who are part of the IAB Transparency &amp; Consent Framework, will also store and/or access information on a device (in other words, use … [+702 chars]",0.0
51,"{'id': None, 'name': 'Yahoo Entertainment'}",,Is Alphabet Inc. (GOOGL) the Best Predictive Analytics Stock to Buy According to Analysts?,,https://consent.yahoo.com/v2/collectConsent?sessionId=1_cc-session_db90af4b-9f91-40c8-bdb1-be804ab8e8b1,,2025-03-24T16:23:55Z,"If you click 'Accept all', we and our partners, including 239 who are part of the IAB Transparency &amp; Consent Framework, will also store and/or access information on a device (in other words, use … [+702 chars]",1.0
52,"{'id': None, 'name': 'Yahoo Entertainment'}",Brett LoGiurato,"Stock market today: Dow surges 600 points, S&P 500 has best week since 2023 to cap wild week of tariff-fueled chaos",Wall Street is set to wrap up another week of tariff-fueled turmoil.,https://finance.yahoo.com/news/live/stock-market-today-dow-sp-500-post-best-week-since-2023-to-cap-wild-week-of-tariff-fueled-chaos-200222921.html,https://s.yimg.com/ny/api/res/1.2/Yz.DcLMcTMSbZO90snslyA--/YXBwaWQ9aGlnaGxhbmRlcjt3PTEyMDA7aD04MDA-/https://s.yimg.com/os/creatr-uploaded-images/2025-04/2292f950-1644-11f0-baff-4b860b82613e,2025-04-11T20:02:22Z,"US stocks turned higher on Friday to cap a chaotic week on Wall Street, as investors weighed the latest tariff-related developments in the trade war between the US and China.
The S&amp;P 500 (^GSPC)… [+14695 chars]",0.55
53,"{'id': None, 'name': 'Quartz India'}",Josh Fellman,"Mag 7, Nike, Lululemon, Deckers, PDD, GM: Stocks to watch","Investors weren’t happy with President Donald Trump’s reciprocal tariffs, sending stocks plunging overseas and in premarket trading. Futures linked to the the S&P 500 pointed to a 3.5% drop at the open on Thursday, with those tied to the Nasdaq 100 projecting…",https://qz.com/stock-watch-tesla-nvidia-mag7-gm-pdd-constellation-1851774439,"https://i.kinja-img.com/image/upload/c_fill,h_675,pg_1,q_80,w_1200/b55663a0139e6c3e9e42a5df53f477c1.jpg",2025-04-03T11:58:00Z,"In This Story
Investors werent happy with President Donald Trumps reciprocal tariffs, sending stocks plunging overseas and in premarket trading. Futures linked to the the S&amp;P 500 pointed to a 3.… [+2636 chars]",0.0
54,"{'id': None, 'name': 'Quartz India'}",Josh Fellman,"Mag 7, Exxon Nike, Lululemon: Stocks to watch today","Stocks may extend their post-tariff selloff on Friday after China retaliated with its own 34% duties on all U.S. goods, restrictions on rare earth exports, and other measures. Futures linked to the S&P 500, Nasdaq 100, and Dow Jones Industrial Average are all…",https://qz.com/stock-watch-mag7-trade-war-plunge-1851774713,"https://i.kinja-img.com/image/upload/c_fill,h_675,pg_1,q_80,w_1200/01a52b712ee8549a503bbe7c5b3bf2d8.jpg",2025-04-04T12:10:00Z,"In This Story
Stocks may extend their post-tariff selloff on Friday after China retaliated with its own 34% duties on all U.S. goods, restrictions on rare earth exports, and other measures. Futures … [+3223 chars]",0.0
55,"{'id': None, 'name': 'Yahoo Entertainment'}",,Alphabet Inc. (GOOGL): A Bull Case Theory,,https://consent.yahoo.com/v2/collectConsent?sessionId=1_cc-session_525bf160-867d-4258-abef-7f1ac5747353,,2025-04-03T13:59:40Z,"If you click 'Accept all', we and our partners, including 239 who are part of the IAB Transparency &amp; Consent Framework, will also store and/or access information on a device (in other words, use … [+702 chars]",0.0
56,"{'id': None, 'name': 'Quartz India'}",Britney Nguyen,Nvidia CEO Jensen Huang says he was wrong about quantum computing. But he might be right,Nvidia (NVDA) chief executive Jensen Huang apologized for tanking quantum computing stocks earlier this year when he said the technology’s usefulness is still decades away — but one analyst says he’s actually right.Read more...,https://qz.com/nvidia-ceo-jensen-huang-quantum-computing-analyst-ai-1851771560,"https://i.kinja-img.com/image/upload/c_fill,h_675,pg_1,q_80,w_1200/917f56567c210022ddbf984d24e5c803.jpg",2025-03-21T15:45:00Z,"In This Story
Nvidia (NVDA-1.70%
) chief executive Jensen Huang apologized for tanking quantum computing stocks earlier this year when he said the technologys usefulness is still decades away but o… [+3336 chars]",-0.10714285714285715
57,"{'id': None, 'name': 'Quartz India'}",Josh Fellman,"Mag 7, Carmakers, Warner Bros. Discovery, U.S. Bancorp, Chinese banks: Stocks to watch today","Stocks fell in premarket trading on Monday, after the the Wall Street Journal reported that President Donald Trump has pushed his team to be more aggressive on tariffs in recent days. Futures tied to the S&P 500, the Nasdaq 100, and the Dow Jones Industrial A…",https://qz.com/stock-watch-warner-usbancorp-1851773362,"https://i.kinja-img.com/image/upload/c_fill,h_675,pg_1,q_80,w_1200/74674fe3afa6c32ecfd7db7a5d629abb.jpg",2025-03-31T12:04:00Z,"In This Story
Stocks fell in premarket trading on Monday, after The Wall Street Journal reported that President Donald Trump has pushed his team to be more aggressive on tariffs in recent days. Futu… [+3103 chars]",0.0
58,"{'id': None, 'name': 'Quartz India'}",Josh Fellman,"Mag 7, other stocks fall post-market after Trump's tariff announcement","Investors greeted President Donald Trump’s reciprocal tariffs less than enthusiastically, sending the Magnificent 7 and other stocks lower. Futures linked to the the S&P 500, the Nasdaq 100, and the Dow Jones Industrial Average point to a lower opening Thursd…",https://qz.com/trump-tariffs-market-reaction-1851774378,"https://i.kinja-img.com/image/upload/c_fill,h_675,pg_1,q_80,w_1200/93c19798e064077bef2a8dfa69384255.jpg",2025-04-02T22:05:00Z,"In This Story
Investors greeted President Donald Trumps reciprocal tariffs less than enthusiastically, sending the Magnificent 7 and other stocks lower. Futures linked to the the S&amp;P 500, the Na… [+2614 chars]",-0.125
59,"{'id': None, 'name': 'Quartz India'}",William Gavin,Mark Cuban wants to 'out-Elon' Elon Musk and plug a hole created by DOGE,“Shark Tank” star and entrepreneur Mark Cuban knows a thing or two about getting a new business up and running. His next venture may be hiring the workers laid off by Tesla (TSLA) CEO Elon Musk’s Department of Government Efficiency (DOGE). Read more...,https://qz.com/mark-cuban-elon-musk-doge-shark-tank-business-gsa-18f-1851769621,"https://i.kinja-img.com/image/upload/c_fill,h_675,pg_1,q_80,w_1200/038b29dba4ee8357eb2ba79d56c5102d.jpg",2025-03-13T13:38:00Z,"In This Story
Shark Tank star and entrepreneur Mark Cuban knows a thing or two about getting a new business up and running. His next venture may be hiring the workers laid off by Tesla (TSLA-1.50%
… [+2929 chars]",0.2
60,"{'id': None, 'name': 'Quartz India'}",Shannon Carroll,Look inside Mark Zuckerberg's $23 million D.C. mansion,The Meta CEO's new digs are a 12-minute drive away from the White House and right across from the vice presidential compound,https://qz.com/mark-zuckerberg-dc-real-estate-donald-trump-1851775080,"https://i.kinja-img.com/image/upload/c_fill,h_675,pg_1,q_80,w_1200/97d12061fbc856a7dd142a5dabe131a4.jpg",2025-04-07T19:11:00Z,"Theres a new billionaire in Washington part time, at least.
In early March, a home in the affluent Woodland Normanstone neighborhood in northwestern Washington sold to a mystery buyer for $23 millio… [+2728 chars]",0.0
61,"{'id': None, 'name': 'Quartz India'}",Josh Fellman,"Stocks tumble after Trump's tariff reveal, with Dow set to shed 1,000 points","Investors weren’t happy with President Donald Trump’s reciprocal tariffs, sending stocks tumbling in premarket trading and overseas.Read more...",https://qz.com/trump-trade-war-tariffs-stocks-plunge-mag7-nike-1851774483,"https://i.kinja-img.com/image/upload/c_fill,h_675,pg_1,q_80,w_1200/ca9ba37e85fd8a5dcaa283ab29a70c98.jpg",2025-04-03T12:30:00Z,"In This Story
Investors werent happy with President Donald Trumps reciprocal tariffs, sending stocks tumbling in premarket trading and overseas.
As of 8:19 a.m. EDT, futures linked to the the S&amp… [+2952 chars]",0.0
62,"{'id': None, 'name': 'Quartz India'}",Ece Yildirim,"Tariffs will bring higher gadget prices and 'dark days ahead' for tech, analysts say","Trump’s widespread tariffs will “cause an economic Armageddon” that could “take the U.S. tech industry back a decade” while “China steamrolls ahead,” according to Wedbush analyst Dan Ives.Read more...",https://qz.com/apple-tariff-tech-dark-days-1851774783,"https://i.kinja-img.com/image/upload/c_fill,h_675,pg_1,q_80,w_1200/fd61ed3a9247c0b1d73844ac9b242c81.jpg",2025-04-04T15:50:00Z,"In This Story
Trumps widespread tariffs will cause an economic Armageddon that could take the U.S. tech industry back a decade while China steamrolls ahead, according to Wedbush analyst Dan Ives.
W… [+3310 chars]",0.05
63,"{'id': None, 'name': 'Quartz India'}",Britney Nguyen,Apple leads Magnificent 7 stock drop amid Trump tariffs,"Apple (AAPL) shares were down by 8.4% at the market open on Thursday, leading the decline of Magnificent 7 stocks after President Donald Trump announced “reciprocal tariffs” following the market close on Wednesday.Read more...",https://qz.com/apple-magnificent-7-stocks-fall-trump-reciprocal-tariff-1851774496,"https://i.kinja-img.com/image/upload/c_fill,h_675,pg_1,q_80,w_1200/6a5cdb4eb4c835e7b8e04d539275603f.jpg",2025-04-03T14:35:00Z,"In This Story
Apple (AAPL-8.08%
) shares were down by 8.4% at the market open on Thursday, leading the decline of Magnificent 7 stocks after President Donald Trump announced reciprocal tariffs foll… [+2855 chars]",1.0
64,"{'id': None, 'name': 'Yahoo Entertainment'}",Ghazal Ahmed,Alphabet (GOOGL) Price Target Cut as AI Threat Looms Over Google Search Dominance,"We recently published a list of Mag7 and Beyond: Top 10 AI News Updates and Ratings. In this article, we are going to take a look at where Alphabet Inc...",https://finance.yahoo.com/news/alphabet-googl-price-target-cut-030712818.html,https://s.yimg.com/ny/api/res/1.2/7nNirUEyltKlOx3XkXmj7Q--/YXBwaWQ9aGlnaGxhbmRlcjt3PTEyMDA7aD04ODc-/https://media.zenfs.com/en/insidermonkey.com/aa19d38dc3356ac6631a4bce21073602,2025-04-05T03:07:12Z,"We recently published a list of Mag7 and Beyond: Top 10 AI News Updates and Ratings. In this article, we are going to take a look at where Alphabet Inc. (NASDAQ:GOOGL) stands against other top AI new… [+4244 chars]",0.0
65,"{'id': None, 'name': 'Erickimphotography.com'}",ERIC KIM,Liberation Day,Election Day since Returns since Election Day: * BTC: +16.5% * Gold: +13.4% * SPY: -6.2% * QQQ: -7.4% Magnificent Seven: * TSLA: +4.9% * META: -5.5% * AAPL: -7.9% * MSFT: -10.0% * AMZN: -10.4% * GOOGL: -11.0% * NVDA: -25.0% RasterlyRock— Returns Since Liberat…,https://erickimphotography.com/blog/2025/04/05/liberation-day/,,2025-04-05T22:39:40Z,Returns since Election Day: * BTC: +16.5% * Gold: +13.4% * SPY: -6.2% * QQQ: -7.4% Magnificent Seven: * TSLA: +4.9% * META: -5.5% * AAPL: -7.9% * MSFT: -10.0% * AMZN: -10.4% * GOOGL: -11.0% * NVDA: -… [+216 chars],0.0
66,"{'id': None, 'name': 'Technews.tw'}",MoneyDJ,Bosworth 預測 AI 競賽贏家：Meta、微軟處於強勢地位,Business Insider 3 月 30 日報導，Meta 科技長（CTO）Andrew Bosworth在最新一集《Possible》Podcast 節目中提到，人工智慧（AI）競賽當中，Meta 與微軟（Microsoft）這兩家傳統科技企業都處於強勢地位，無論如何都將會是贏家，Googl...,https://technews.tw/2025/03/31/meta-and-microsoft-are-in-a-strong-position-in-ai/,https://img.technews.tw/wp-content/uploads/2023/08/03174152/ai-chip-artificial-intelligence-future-technology-innovation.jpg,2025-03-31T06:15:19Z,"Business Insider 3 30 Meta CTOAndrew BosworthPossiblePodcast AIMeta MicrosoftGoogle Amazon.com Inc.
BosworthMeta LlamaAIMetaAIMeta
Meta Platforms 3284.29%576.741.50%
Meta2025214202012518IPO
CNBCO… [+49 chars]",0.0
67,"{'id': None, 'name': 'Quartz India'}",Ece Yildirim,Cloudflare is already selling security tools for the quantum computing era,"Mainstream quantum computing might be closer than you think, and that makes it a “looming problem” for privacy, according to network services and cybersecurity company Cloudflare (NET). Read more...",https://qz.com/cloudflare-quantum-computing-encryption-security-1851770145,"https://i.kinja-img.com/image/upload/c_fill,h_675,pg_1,q_80,w_1200/8d111be720b31078aed92864c3c2c157.jpg",2025-03-17T13:00:00Z,"In This Story
Mainstream quantum computing might be closer than you think, and that makes it a looming problem for privacy, according to network services and cybersecurity company Cloudflare (NET). … [+4180 chars]",0.0
68,"{'id': None, 'name': 'Quartz India'}",Kevin Williams,Gaming in your car? Google adds distractions while experts warn of hacked vehicles,"Gaming and driving are a dicey combination. Yes, there’s the obvious danger of combining barreling down the highway with Fortnite, but experts are also warning that the games pose another risk as a honeypot for hackers.Read more...",https://qz.com/google-gaming-poses-in-car-risk-say-experts-1851774103,"https://i.kinja-img.com/image/upload/c_fill,h_675,pg_1,q_80,w_1200/d743bbe864661030cf61879c5c471995.jpg",2025-04-02T09:00:00Z,"In This Story
Gaming and driving are a dicey combination. Yes, theres the obvious danger of combining barreling down the highway with Fortnite, but experts are also warning that the games pose anoth… [+4821 chars]",0.0
69,"{'id': None, 'name': 'Quartz India'}",William Gavin,BYD's EV charger breakthrough spells trouble for Tesla. Here's what to know,"In a year that’s already shaping up to be a headache for Tesla (TSLA), its biggest rival abroad — and one that’s growing its international footprint — now claims to have developed a superior charging system. Here’s what you need to know.Read more...",https://qz.com/byd-ev-electric-vehicle-fast-charging-tesla-nio-zeekr-1851770679,"https://i.kinja-img.com/image/upload/c_fill,h_675,pg_1,q_80,w_1200/bc25425e7d83eeb9a594d504ef374eb8.jpg",2025-03-18T14:00:00Z,"In This Story
In a year thats already shaping up to be a headache for Tesla (TSLA-5.48%
), its biggest rival abroad and one thats growing its international footprint now claims to have developed a … [+5073 chars]",-0.2
70,"{'id': None, 'name': 'Yahoo Entertainment'}",,Is Alphabet Inc. (GOOGL) the Top Growth Stock in David Tepper’s Portfolio?,,https://consent.yahoo.com/v2/collectConsent?sessionId=1_cc-session_35039bc5-ead9-4eae-8784-d0016e1ccde7,,2025-03-29T23:15:17Z,"If you click 'Accept all', we and our partners, including 238 who are part of the IAB Transparency &amp; Consent Framework, will also store and/or access information on a device (in other words, use … [+702 chars]",0.5
71,"{'id': None, 'name': 'Yahoo Entertainment'}",Neha Gupta,Alphabet Inc. (GOOGL): Among Billionaire Ken Fisher’s Top Growth Stock Picks,"We recently published a list of Billionaire Ken Fisher’s Top 13 Growth Stock Picks. In this article, we are going to take a look at where Alphabet Inc...",https://finance.yahoo.com/news/alphabet-inc-googl-among-billionaire-231744545.html,https://media.zenfs.com/en/insidermonkey.com/6d4c6cdbd182e436660fa4337d2bd8b9,2025-03-29T23:17:44Z,"We recently published a list of Billionaire Ken Fishers Top 13 Growth Stock Picks. In this article, we are going to take a look at where Alphabet Inc. (NASDAQ:GOOGL) stands against other billionaire … [+5701 chars]",0.5
72,"{'id': None, 'name': 'Yahoo Entertainment'}",Ahad Tariq,Is Alphabet Inc. (GOOGL) Best Stock to Buy for the Next 3 Months?,"We recently published a list of 10 Best Stocks to Buy for the Next 3 Months. In this article, we are going to take a look at where Alphabet Inc...",https://finance.yahoo.com/news/alphabet-inc-googl-best-stock-125610106.html,https://s.yimg.com/ny/api/res/1.2/DAytqpJ37WPkT1O3cj4krg--/YXBwaWQ9aGlnaGxhbmRlcjt3PTEyMDA7aD02NzM-/https://media.zenfs.com/en/insidermonkey.com/ddded06c9301164bc21c334085fab02f,2025-03-30T12:56:10Z,"We recently published a list of 10 Best Stocks to Buy for the Next 3 Months. In this article, we are going to take a look at where Alphabet Inc. (NASDAQ:GOOGL) stands against other best stocks to buy… [+6153 chars]",0.5
73,"{'id': None, 'name': 'Quartz India'}",Ece Yildirim,Three ways Big Tech is vulnerable to EU tariff retaliation,"President Donald Trump announced widespread tariffs on Wednesday, sending the stock market plunging. One of the more significant of these tariffs is a 20% levy on goods coming from longtime U.S. ally and trade partner the European Union.Read more...",https://qz.com/how-big-tech-vulnerable-eu-tariff-retaliation-trump-1851774561,"https://i.kinja-img.com/image/upload/c_fill,h_675,pg_1,q_80,w_1200/2cd0703488d160a05985192e0f08ffd5.jpg",2025-04-03T18:53:00Z,"In This Story
President Donald Trump announced widespread tariffs on Wednesday, sending the stock market plunging. One of the more significant of these tariffs is a 20% levy on goods coming from lon… [+5785 chars]",-0.25
74,"{'id': None, 'name': 'Yahoo Entertainment'}",Ramish Cheema,Jim Cramer Finally Sells Alphabet (GOOGL): ‘We Don’t Google Anymore – It’s the New Kodak’,"We recently published a list of Jim Cramer Raises Big Question About Tariffs & Discusses These 11 Stocks. In this article, we are going to take a look at...",https://finance.yahoo.com/news/jim-cramer-finally-sells-alphabet-174318740.html,https://media.zenfs.com/en/insidermonkey.com/dc5a2bcb6b4c16a43cb5b4ba98feb139,2025-04-05T17:43:18Z,"We recently published a list of Jim Cramer Raises Big Question About Tariffs &amp; Discusses These 11 Stocks. In this article, we are going to take a look at where Alphabet Inc. (NASDAQ:GOOGL) stands… [+5192 chars]",0.06818181818181818
75,"{'id': None, 'name': 'Yahoo Entertainment'}",Ghazal Ahmed,"Alphabet’s (GOOGL) Ironwood AI Chip Drops – 9,000+ Chip Clusters Powering Gemini Models","We recently published a list of 10 AI Stocks to Watch Now. In this article, we are going to take a look at where Alphabet Inc. (NASDAQ:GOOGL) stands against ...",https://finance.yahoo.com/news/alphabet-googl-ironwood-ai-chip-213112569.html,https://s.yimg.com/ny/api/res/1.2/DAytqpJ37WPkT1O3cj4krg--/YXBwaWQ9aGlnaGxhbmRlcjt3PTEyMDA7aD02NzM-/https://media.zenfs.com/en/insidermonkey.com/ddded06c9301164bc21c334085fab02f,2025-04-10T21:31:12Z,"We recently published a list of 10 AI Stocks to Watch Now. In this article, we are going to take a look at where Alphabet Inc. (NASDAQ:GOOGL) stands against other AI stocks to watch now.
The trade w… [+4831 chars]",0.0
76,"{'id': None, 'name': 'Yahoo Entertainment'}",,Is Alphabet Inc. (GOOGL) Among the Best Digital Payments Stocks to Buy According to Analysts?,,https://consent.yahoo.com/v2/collectConsent?sessionId=1_cc-session_96c83f1a-791a-41b7-aaee-e47e195d0190,,2025-04-11T12:16:49Z,"If you click 'Accept all', we and our partners, including 239 who are part of the IAB Transparency &amp; Consent Framework, will also store and/or access information on a device (in other words, use … [+702 chars]",0.5
77,"{'id': None, 'name': 'Technews.tw'}",林 妤柔,不受 Google、聯發科合作影響，博通淡定續拿 Google 第 7 代 TPU 訂單,據外媒 Information 報導，Google 準備跟聯發科開發次世代 AI 晶片「張量處理單元」（TPUs），預計明年開始生產，外界猜這是從博通手中搶走訂單。但據供應鏈消息，Google 和博通關係仍持續，亦即博通、聯發科都能拿到 Google 訂單。 Information 指出，Googl...,https://technews.tw/2025/03/18/google-taps-mediatek-broadcom/,https://img.technews.tw/wp-content/uploads/2019/10/05110930/shutterstock_1350667370-e1570244999909.jpg,2025-03-18T08:55:40Z,"Information Google AI TPUsGoogle Google 
Information Google AI GoogleTPU CSP ASIC ASIC 
Google 2026 TPUTPU v7 3 v7p v7e v7p v7e Google ASIC die I/O 
 44 AI AI ASIC Google TPU ASIC 60~80%
Google G… [+47 chars]",0.0
78,"{'id': None, 'name': 'Yahoo Entertainment'}",,Alphabet Inc. (GOOGL): Jim Cramer Says Generative AI Poses ‘Existential Threat’ to Google Search,,https://consent.yahoo.com/v2/collectConsent?sessionId=1_cc-session_d9495553-8a11-4b06-aec5-39c347022f7c,,2025-04-10T16:28:57Z,"If you click 'Accept all', we and our partners, including 239 who are part of the IAB Transparency &amp; Consent Framework, will also store and/or access information on a device (in other words, use … [+702 chars]",0.0
79,"{'id': None, 'name': 'Yahoo Entertainment'}",Josh Fellman,"Tesla, Nvidia lose ground as markets take a tumble on bad economic news","Tesla’s (TSLA) status as the “winner” of President Donald Trump’s new auto tariffs didn’t protect it from a tech-led market selloff on Friday, as the stock...",https://finance.yahoo.com/news/tesla-nvidia-lose-ground-markets-181400848.html,https://media.zenfs.com/en/quartz.com/1ad995925b0e2b283707839ba313f893,2025-03-28T20:36:00Z,"Photo: Katherine KY Cheng (Getty Images)
Teslas (TSLA) status as the winner of President Donald Trumps new auto tariffs didnt protect it from a tech-led market selloff on Friday, as the stock follow… [+2410 chars]",-0.24999999999999992
80,"{'id': None, 'name': 'Quartz India'}",Britney Nguyen,Trump's trade war tariffs are just part of a bigger fight,"In the first few weeks of his second administration, President Donald Trump has followed through — then pulled back — on tariff threats, sending stocks tumbling into correction territory.Read more...",https://qz.com/us-china-economic-war-sanctions-export-controls-tariffs-1851770072,"https://i.kinja-img.com/image/upload/c_fill,h_675,pg_1,q_80,w_1200/5e6b2a2b50e05e6ee1c2e61f36c71a26.jpg",2025-03-17T09:00:00Z,"In This Story
In the first few weeks of his second administration, President Donald Trump has followed through then pulled back on tariff threats, sending stocks tumbling into correction territory.… [+6458 chars]",0.0
81,"{'id': None, 'name': 'Quartz India'}",NYSE,"BigID Next is changing AI model training for the better, CEO says","Dmitri Sirota, Chief Executive Officer of BigID, spoke with NYSE TV’s “Taking Stock with Kristen Scholer” for a special video interview.Read more...",https://qz.com/bigid-next-ai-model-training-ceo-humanx-1851772323,"https://i.kinja-img.com/image/upload/c_fill,h_675,pg_1,q_80,w_1200/56e033de5eb443adc22d6634e89607ed.png",2025-03-27T14:16:00Z,"Dmitri Sirota, Chief Executive Officer of BigID, spoke with NYSE TVs Taking Stock with Kristen Scholer for a special video interview.
Watch the interview above and check out the transcript below. Th… [+5810 chars]",0.25
82,"{'id': None, 'name': 'Yahoo Entertainment'}",TipRanks,"Closing Bell Movers: GameStop gains 7% on earnings, bitcoin announcement","In the opening 90 minutes of the evening session, U.S. stock futures are up marginally – S&P500 is up 0.1% while Nasdaq 100 is up 0.2%. Earlier on Tuesday...",https://finance.yahoo.com/news/closing-bell-movers-gamestop-gains-000022309.html,https://media.zenfs.com/en/tipranks_452/740f5b35098ee61dacb714fa2bfeccc8,2025-03-27T00:00:22Z,"In the opening 90 minutes of the evening session, U.S. stock futures are up marginally S&amp;P500 is up 0.1% while Nasdaq 100 is up 0.2%.  Earlier on Tuesday, Consumer Discretionary and Communication… [+1255 chars]",0.0
83,"{'id': None, 'name': 'Yahoo Entertainment'}",Ghazal Ahmed,Alphabet (GOOGL) Strengthens AI and Cloud Security with Wiz Acquisition,"We recently published a list of 10 AI Stocks Making Waves: GTC Highlights & Beyond. In this article, we are going to take a look at where Alphabet Inc...",https://finance.yahoo.com/news/alphabet-googl-strengthens-ai-cloud-215152034.html,https://s.yimg.com/ny/api/res/1.2/LNoSopyHpRrWQTvxZ82U_g--/YXBwaWQ9aGlnaGxhbmRlcjt3PTEyMDA7aD04MDA-/https://media.zenfs.com/en/insidermonkey.com/a0bec472d842a18f443b00515f54833a,2025-03-23T21:51:52Z,"We recently published a list of 10 AI Stocks Making Waves: GTC Highlights &amp; Beyond. In this article, we are going to take a look at where Alphabet Inc. (NASDAQ:GOOGL) stands against other AI stoc… [+4785 chars]",0.0
84,"{'id': None, 'name': 'Yahoo Entertainment'}",Faizan Farooque,"Italy Demands $1.1 Billion in Back Taxes From Meta, LinkedIn and X Over VAT Dispute","Italy is demanding nearly $1.1 billion in VAT from Meta, LinkedIn and X.",https://finance.yahoo.com/news/italy-demands-1-1-billion-165510674.html,https://media.zenfs.com/en/us.finance.gurufocus/36217dbad34e4bb101171a381f0c9240,2025-03-27T16:55:10Z,"Italy's tax authorities have issued formal demands totaling nearly $1.1 billion to U.S. technology firms Meta (META, Financials), LinkedIn and X over unpaid value-added tax from previous years, accor… [+1593 chars]",0.0
85,"{'id': None, 'name': 'Yahoo Entertainment'}",Reuters,"Google preparing to partner with Taiwan's MediaTek on next AI chip, Information reports","However, Google has not cut ties with Broadcom, the chip designer it has worked with exclusively on the AI chips over the past several years, the report said...",https://finance.yahoo.com/news/google-preparing-partner-taiwans-mediatek-135547860.html,https://media.zenfs.com/en/reuters-finance.com/740ec47993eb7c32fe24a12e2a4001b0,2025-03-17T13:55:47Z,"(Reuters) - Alphabet's (GOOG, GOOGL) Google is preparing to partner with Taiwan's MediaTek (2454.TW) on the next version of its AI chips, Tensor Processing Units, that will be made next year, the Inf… [+1382 chars]",0.0
86,"{'id': None, 'name': 'Yahoo Entertainment'}",Faizan Farooque,Microsoft Scales Back Data Center Leases Amid Oversupply and Shifting AI Demands,The company attributed the move to oversupply and lack of OpenAI training workload requirements.,https://finance.yahoo.com/news/microsoft-scales-back-data-center-122937917.html,https://media.zenfs.com/en/us.finance.gurufocus/3abaa0023cf7c3b6efbdaf155d0ae16f,2025-03-27T12:29:37Z,"Microsoft (MSFT, Financials) backed away from U.S. and European data center projects totaling 2 gigawatts over the past six months, TD Cowen analysts said, attributing the move to excess infrastructu… [+1600 chars]",-0.05
87,"{'id': None, 'name': 'Yahoo Entertainment'}",Madison Mills,"Goldman Sachs cuts S&P 500 target, citing Maleficent 7 weakness","The Magnificent Seven — the group comprised of tech stocks Nvidia (NVDA), Alphabet (GOOG, GOOGL), Tesla (TSLA), Microsoft (MSFT), Amazon (AMZN), Meta...",https://finance.yahoo.com/video/goldman-sachs-cuts-p-500-135025424.html,https://s.yimg.com/ny/api/res/1.2/QexKFXibc5clKbEy1Pt9jw--/YXBwaWQ9aGlnaGxhbmRlcjt3PTEyMDA7aD02NzY-/https://s.yimg.com/os/creatr-uploaded-images/2025-03/68e677b0-ff47-11ef-bdff-d24e54d524c2,2025-03-12T13:50:25Z,from magnificent seven to Maleficent seven. That's what Goldman Sachs is saying about those mega cap tech stocks in a note out this morning here. Goldman noting that the mag seven are responsible for… [+1595 chars],0.0
88,"{'id': None, 'name': 'Forbes'}","Michael Foster, Contributor, 
 Michael Foster, Contributor
 https://www.forbes.com/sites/michaelfoster/",These 100-Year-Old Funds Are Kicking Out Near-10% Dividends,"Over the last couple of years, we’ve seen a quiet trend in investing—and today we’re going to tap into it with two funds with near 10% dividends.",https://www.forbes.com/sites/michaelfoster/2025/03/29/these-100-year-old-funds-are-kicking-out-near-10-dividends/,https://imageio.forbes.com/specials-images/imageserve/67e42508a31f5d73f3f8b14a/0x0.jpg?format=jpg&height=900&width=1600&fit=bounds,2025-03-29T15:59:00Z,"Different yield and maturities for bonds and interest on stock exchange screen.
getty
Over the last couple of years, weve seen a quiet trend in investingand today were going to tap into it with two… [+5558 chars]",0.0
89,"{'id': None, 'name': 'Yahoo Entertainment'}",諸葛志一,隨手「嗶」輕鬆pay 中市戶政規費多元支付4/1起「悠遊付」上線,【民眾網諸葛志一臺中報導】台中市政府持續推廣多元支付服務，除原有悠遊卡、信用卡、Apple Pay、Googl […],https://tw.news.yahoo.com/%E9%9A%A8%E6%89%8B-%E5%97%B6-%E8%BC%95%E9%AC%86pay-%E4%B8%AD%E5%B8%82%E6%88%B6%E6%94%BF%E8%A6%8F%E8%B2%BB%E5%A4%9A%E5%85%83%E6%94%AF%E4%BB%984-1%E8%B5%B7-085641679.html,https://media.zenfs.com/vi/mypeople.tw/c91aed916118e242f8a06f55375ea8de,2025-03-27T00:56:41Z,Michael WaltzThe AtlanticJeffrey GoldbergSignal AppAppMoxie MarlinspikeSignal FoundationWhatsApp Signal 1000 AppApp Signal Signal App JD VanceMichael WaltzPete Hegseth,0.0
90,"{'id': None, 'name': 'Yahoo Entertainment'}",Amalya Dubrovsky,"Stock market today: S&P 500, Nasdaq plunge, Dow drops 1,400 points as Trump's tariffs shock markets","US stocks plunged after President Trump announced a baseline 10% tariff on all US trading partners, sending shockwaves through markets and the global trade...",https://finance.yahoo.com/news/live/stock-market-today-sp-500-nasdaq-plunge-dow-drops-1400-points-as-trumps-tariffs-shock-markets-133046714.html,https://s.yimg.com/ny/api/res/1.2/2oRSOMddM.VOYMB.AozsSA--/YXBwaWQ9aGlnaGxhbmRlcjt3PTEyMDA7aD04MDA-/https://s.yimg.com/os/creatr-uploaded-images/2025-04/bf842670-0f29-11f0-97ec-5500ed89b6cd,2025-04-03T13:30:46Z,"US stocks cratered on Thursday, with the Dow tumbling more than 1,400 points as President Trump's surprisingly steep ""Liberation Day"" tariffs sent shockwaves through markets worldwide.
The tech-heav… [+19834 chars]",0.0
91,"{'id': None, 'name': 'Yahoo Entertainment'}",Newtalk新聞 |蘇元和 綜合報導,台股開盤》黑色星期一來了！大盤跌逾2000點 台積跌破850元,[Newtalk新聞] 台股今天(7日)開盤下跌逾2065點，最低來到19212點，跌破20000點。上櫃(中小型股)、電子與金融類股全跌深！ 重要電子權值股，約9點10分前，台積電跌94元、來到848元。鴻海跌15元、來到138.5元。聯發科跌140元、來到1295元。台達電跌36.5元、來到333元。廣達跌23元、來到210元。 美國總統川普關稅血洗全球股市，清明連假期間全球股市都因為對等關稅崩跌，累積跌幅如圖一，截至今天(7日)上午7點半美股電子盤還持續大跌。 分析師謝明哲表示，今日台股開盤會以下跌超過千點…,https://tw.news.yahoo.com/%E5%8F%B0%E8%82%A1%E9%96%8B%E7%9B%A4-%E9%BB%91%E8%89%B2%E6%98%9F%E6%9C%9F-%E4%BE%86%E4%BA%86-%E5%A4%A7%E7%9B%A4%E8%B7%8C%E9%80%BE2000%E9%BB%9E-%E5%8F%B0%E7%A9%8D%E8%B7%8C%E7%A0%B4850%E5%85%83-011716860.html,https://media.zenfs.com/ko/newtalk.tw/e6357e72ec047088b6e55ea1ab6932c8,2025-04-06T17:17:16Z,"(7)20651921220000 : yahoo
[Newtalk] (7)20651921220000()
9109484815138.5140129536.533323210
(7)7
(4)2,231.075.50%38,314.86S&amp;P500322.445.97%5,074.08NASDAQ962.825.82%15,587.79296.037.60%3,597.66… [+102 chars]",0.0
92,"{'id': None, 'name': 'Yahoo Entertainment'}",非凡新聞,熱門股／挑戰輝達！聯發科傳與Google開發AI晶片 大漲逾5%、攻1500元,[非凡新聞]編輯歐陽珮婕 / 綜合報導 外媒消息指出，據傳美國科技巨擘Google（GOOGL）計畫與聯發科合作，共同開發下一代AI晶片張量處理單元（TPU），預計於明年開始正式量產。激勵今（18）日聯發科股價以1450元開高，...,https://tw.stock.yahoo.com/news/%E7%86%B1%E9%96%80%E8%82%A1-%E6%8C%91%E6%88%B0%E8%BC%9D%E9%81%94-%E8%81%AF%E7%99%BC%E7%A7%91%E5%82%B3%E8%88%87google%E9%96%8B%E7%99%BCai%E6%99%B6%E7%89%87-%E5%A4%A7%E6%BC%B2%E9%80%BE5-%E6%94%BB1500%E5%85%83-030809374.html,https://media.zenfs.com/ko/__873/e9d2295c6ef506856b35880d7ff29b51,2025-03-17T19:08:09Z,"[] / 
GoogleGOOGLAITPU18145015005%3
The InformationGoogleTPUNVDAGoogleTPUAVGO
GoogleTPU TPU
17TrendForceIC2024IC249849%50165.1919
IC5GAIDeepSeekAIAI
ICIC1330ITH-KY89%-KY 45%M3123%
...
8 16641… [+14 chars]",0.0
93,"{'id': None, 'name': 'Biztoc.com'}",finance.yahoo.com,A Bull Case Theory,"In This Article:
We came across a bullish thesis on Alphabet Inc. (GOOGL) on Substack by LongTermValue Research. In this article, we will summarize the bulls’ thesis on GOOGL. Alphabet Inc. (GOOGL)'s share was trading at $157.04 as of April 2nd. GOOGL’s trail…",https://biztoc.com/x/446caf2b49fbab87,https://biztoc.com/cdn/446caf2b49fbab87_s.webp,2025-04-03T14:20:46Z,"In This Article:We came across a bullish thesis on Alphabet Inc. (GOOGL) on Substack by LongTermValue Research. In this article, we will summarize the bulls thesis on GOOGL. Alphabet Inc. (GOOGL)'s s… [+144 chars]",0.0
94,"{'id': 'business-insider', 'name': 'Business Insider'}",cji@businessinsider.com (Christine Ji),Why these 38 stocks getting trashed in the tariff crash are primed to outperform the S&P 500 over the next year: Evercore,Evercore ISI sees cheap buying opportunities in various stock market sectors as the trade war sends stocks into a bear market.,https://www.businessinsider.com/cheap-stock-picks-bargain-prices-tariffs-market-crash-trump-recession-2025-4,https://i.insider.com/67f414c73fe8d39283625623?width=1200&format=jpeg,2025-04-08T09:30:01Z,"As the stock market sell-off deepens and the S&amp;P 500 hovers around bear market territory, the thought of wading into the bloodbath might seem unappetizing.
But for those who keep a cool head in … [+10809 chars]",0.0
95,"{'id': None, 'name': 'Commonsensewithmoney.com'}",F2D,SYLVANIA Wifi LED Smart Light Bulb (Pack of 4) – Only $11.35!,"Add some fun lighting options to your home with this great deal! Head over to Amazon where you can get the SYLVANIA Wifi LED Smart Light Bulb (Pack of 4) for only $11.35! (Reg. $34.99) Additional details include:

Voice control works with Alexa, Googl...",https://www.commonsensewithmoney.com/sylvania-wifi-led-smart-light-bulb-pack-of-4-only-11-35/,https://www.commonsensewithmoney.com/wp-content/uploads/2025/03/61t-Oe4gmSL._AC_SL1500_.jpg,2025-03-19T06:45:46Z,Add some fun lighting options to your home with this great deal! Head over to Amazon where you can get the SYLVANIA Wifi LED Smart Light Bulb (Pack of 4) for only $11.35! (Reg. $34.99) Additional det… [+835 chars],0.20476190476190478
96,"{'id': None, 'name': 'Yahoo Entertainment'}",Newtalk新聞 |蘇元和 綜合報導,台股開盤》大盤漲200點 中小股 權值F4齊步漲,[Newtalk新聞] 台股今天(17日)開紅，漲逾200點後收斂漲幅，最高來到22230點。上櫃(中小型股)、電子與金融類股全揚升。重要電子權值股，約9點10分前，台積電漲17元、來到976元。鴻海漲1元、來到171元。聯發科漲30元、來到1430元。台達電漲11元、來到389.5元。廣達漲1元、來到257.5元。 快速掃描美股上週五(14日)表現，美國政府關門危機短線風險降低，四大指數均上漲，台指夜盤收漲238點。分析師謝明哲表示，從台積電股期夜盤 10元，貢獻約80點估算，約為夜盤漲點33.6%，反映市場預…,https://tw.news.yahoo.com/%E5%8F%B0%E8%82%A1%E9%96%8B%E7%9B%A4-%E5%A4%A7%E7%9B%A4%E6%BC%B2200%E9%BB%9E-%E4%B8%AD%E5%B0%8F%E8%82%A1-%E6%AC%8A%E5%80%BCf4%E9%BD%8A%E6%AD%A5%E6%BC%B2-012017623.html,https://media.zenfs.com/ko/newtalk.tw/e3d0483abce6b106dd911f52dc93c134,2025-03-16T17:20:17Z,"[Newtalk] (17)20022230()91017976117130143011389.51257.5
(14)238 108033.6%K200~250
AIGTCAI
AI(3013)(8210)
674.621.65%41,488.19S&amp;P500117.422.13%5,638.94NASDAQ451.072.61%17,754.09145.553.27%4,59… [+123 chars]",0.0
97,"{'id': None, 'name': 'Yahoo Entertainment'}",Josh Schafer,The 'Magnificent 7' stocks are having their worst quarter in more than 2 years,The Magnificent Seven stocks are having their worst quarter in more than two years — and are dragging down the S&P 500 with them.,https://finance.yahoo.com/news/the-magnificent-7-stocks-are-having-their-worst-quarter-in-more-than-2-years-190335944.html,https://s.yimg.com/ny/api/res/1.2/lhDM9QyJrh7x2VFyrPs1qQ--/YXBwaWQ9aGlnaGxhbmRlcjt3PTEyMDA7aD04MDA-/https://s.yimg.com/os/creatr-uploaded-images/2025-03/dd3beca0-041d-11f0-af6f-363ea0d9c931,2025-03-18T19:03:35Z,"Tuesday's stock market sell-off had a familiar flavor to the market action seen so far this year.
Six of the ""Magnificent Seven"" stocks shares of Nvidia (NVDA), Tesla (TSLA), Alphabet (GOOG, GOOGL),… [+3780 chars]",0.16666666666666666
98,"{'id': None, 'name': ""Investor's Business Daily""}","RYAN DEFFENBAUGH, Investor's Business Daily","Despite DeepSeek Buzz, Amazon, U.S. Tech Giants Have These AI Advantages Over China, Says Analyst",U.S. tech companies are way outspending China peers on AI. That could prove a long-term advantage for Amazon stock and other U.S. giants.,https://www.investors.com/news/technology/amazon-stock-ai-us-china-deepseek-ubs-microsoft-alibaba-google/,https://www.investors.com/wp-content/uploads/2020/08/Stock-amazondeliver-02-adobe.jpg,2025-03-26T16:09:13Z,DeepSeek's reportedly lower-cost AI models have made investors uneasy about big spending from U.S. tech giants such as Amazon (AMZN). But the hundreds of billions of dollars that American tech giants… [+4342 chars],0.0
99,"{'id': None, 'name': 'Yahoo Entertainment'}",Alexandra Canal,"Apple sheds $300 billion in tariff-fueled sell-off, on track for worst drop since March 2020",The tariff-fueled sell-off has erased $800 billion from Magnificent Seven stocks.,https://finance.yahoo.com/news/apple-sheds-300-billion-in-tariff-fueled-sell-off-on-track-for-worst-drop-since-march-2020-175727479.html,https://s.yimg.com/ny/api/res/1.2/xGN4iML1OK4UV1mNEuR1zg--/YXBwaWQ9aGlnaGxhbmRlcjt3PTEyMDA7aD04MDA-/https://s.yimg.com/os/creatr-uploaded-images/2025-03/a3ab60a0-0414-11f0-9fff-ad7c05b10812,2025-04-03T17:57:27Z,"Tech stocks plummeted on Thursday, with Apple (AAPL) leading ""Magnificent Seven"" names lower following President Trump's reciprocal tariff announcement the day prior.
Shares of Apple, on track for t… [+3752 chars]",-1.0
